<!--<configuration>-->

<!--    <property name="HOME_LOG" value="/var/log/ru.jngvarr/tg-bot/app.log"/>-->
<!--    <property name="ARCHIVE_LOG" value="/var/log/ru.jngvarr/tg-bot"/>-->

<!--    <appender name="FILE-ROLLING" class="ch.qos.logback.core.rolling.RollingFileAppender">-->
<!--        <file>${HOME_LOG}</file>-->

<!--        <rollingPolicy class="ch.qos.logback.core.rolling.SizeAndTimeBasedRollingPolicy">-->
<!--            <fileNamePattern>${ARCHIVE_LOG}/app.%d{yyyy-MM-dd}.%i.log.gz</fileNamePattern>-->
<!--            &lt;!&ndash; Размер каждого архива - максимум 10MB &ndash;&gt;-->
<!--            <maxFileSize>10MB</maxFileSize>-->
<!--            &lt;!&ndash; Суммарный объем всех архивов - максимум 1GB &ndash;&gt;-->
<!--            <totalSizeCap>1GB</totalSizeCap>-->
<!--            &lt;!&ndash; Хранение архивов в течение 60 дней &ndash;&gt;-->
<!--            <maxHistory>60</maxHistory>-->
<!--        </rollingPolicy>-->

<!--        <encoder>-->
<!--            <pattern>%d{yyyy-MM-dd HH:mm:ss.SSS} %-5level %logger{36} [%thread] %msg%n</pattern>-->
<!--        </encoder>-->
<!--    </appender>-->

<!--    <logger name="io.proj3ct.SpringDemoBot" level="debug" additivity="false">-->
<!--        <appender-ref ref="FILE-ROLLING"/>-->
<!--    </logger>-->

<!--    <root level="info">-->
<!--        <appender-ref ref="FILE-ROLLING"/>-->
<!--    </root>-->

<!--</configuration>-->

        <configuration>

            <property name="HOME_LOG" value="/var/log/ru.jngvarr/tg-bot/app.log"/>

            <appender name="FILE-ROLLING" class="ch.qos.logback.core.rolling.RollingFileAppender">
                <file>${HOME_LOG}</file>

                <rollingPolicy class="ch.qos.logback.core.rolling.SizeAndTimeBasedRollingPolicy">
                    <fileNamePattern>/var/log/ru.jngvarr/tg-bot/app.%d{yyyy-MM-dd}.%i.log.gz</fileNamePattern>
                    <!-- each archived file, size max 10MB -->
                    <maxFileSize>10MB</maxFileSize>
                    <!-- total size of all archive files, if total size > 20GB, it will delete old archived file -->
                    <totalSizeCap>1GB</totalSizeCap>
                    <!-- 60 days to keep -->
                    <maxHistory>60</maxHistory>
                </rollingPolicy>

                <encoder>
                    <pattern>%d %p %c{1} [%t] %m%n</pattern>
                </encoder>
            </appender>

            <logger name="io.proj3ct.SpringDemoBot" level="debug" additivity="false">
                <appender-ref ref="FILE-ROLLING"/>
            </logger>

            <root level="error">
                <appender-ref ref="FILE-ROLLING"/>
            </root>

            <root level="info">
                <appender-ref ref="FILE-ROLLING"/>
            </root>

        </configuration>